{
    "name": "root",
    "metadata": {
        "timer_format_version": "0.1.0",
        "start_time_seconds": "1672478171",
        "python_version": "3.9.10 | packaged by conda-forge | (main, Feb  1 2022, 21:25:34) \n[Clang 11.1.0 ]",
        "command_line_arguments": "/Users/bikram/miniforge3/envs/unityml2/bin/mlagents-learn --force /Users/bikram/workspace/UnityProjects/ml-agents/config/ppo/Pyramids.yaml --run-id=PyramidSat Dec 31 01:16:10 PST 2022",
        "mlagents_version": "0.30.0",
        "mlagents_envs_version": "0.30.0",
        "communication_protocol_version": "1.5.0",
        "pytorch_version": "1.13.1",
        "numpy_version": "1.21.6",
        "end_time_seconds": "1672478234"
    },
    "total": 62.700342334,
    "count": 1,
    "self": 0.0032837919999977316,
    "children": {
        "run_training.setup": {
            "total": 0.04248595799999999,
            "count": 1,
            "self": 0.04248595799999999
        },
        "TrainerController.start_learning": {
            "total": 62.654572584,
            "count": 1,
            "self": 0.006413998000084575,
            "children": {
                "TrainerController._reset_env": {
                    "total": 7.112524917,
                    "count": 1,
                    "self": 7.112524917
                },
                "TrainerController.advance": {
                    "total": 55.18778804399991,
                    "count": 421,
                    "self": 0.004932334999864452,
                    "children": {
                        "env_step": {
                            "total": 25.55030933400004,
                            "count": 421,
                            "self": 23.67939362800002,
                            "children": {
                                "SubprocessEnvManager._take_step": {
                                    "total": 1.8654325759999892,
                                    "count": 421,
                                    "self": 0.013480323999930377,
                                    "children": {
                                        "TorchPolicy.evaluate": {
                                            "total": 1.8519522520000589,
                                            "count": 394,
                                            "self": 1.8519522520000589
                                        }
                                    }
                                },
                                "workers": {
                                    "total": 0.005483130000030201,
                                    "count": 420,
                                    "self": 0.0,
                                    "children": {
                                        "worker_root": {
                                            "total": 49.63151379599998,
                                            "count": 420,
                                            "is_parallel": true,
                                            "self": 34.214356467000066,
                                            "children": {
                                                "steps_from_proto": {
                                                    "total": 0.014190874999999714,
                                                    "count": 1,
                                                    "is_parallel": true,
                                                    "self": 0.00014983400000012637,
                                                    "children": {
                                                        "_process_maybe_compressed_observation": {
                                                            "total": 0.013957499999999179,
                                                            "count": 2,
                                                            "is_parallel": true,
                                                            "self": 0.00020404199999823902,
                                                            "children": {
                                                                "_observation_to_np_array": {
                                                                    "total": 0.01375345800000094,
                                                                    "count": 16,
                                                                    "is_parallel": true,
                                                                    "self": 0.00011962600000003931,
                                                                    "children": {
                                                                        "process_pixels": {
                                                                            "total": 0.0136338320000009,
                                                                            "count": 16,
                                                                            "is_parallel": true,
                                                                            "self": 0.0007047930000023683,
                                                                            "children": {
                                                                                "image_decompress": {
                                                                                    "total": 0.012929038999998532,
                                                                                    "count": 16,
                                                                                    "is_parallel": true,
                                                                                    "self": 0.012929038999998532
                                                                                }
                                                                            }
                                                                        }
                                                                    }
                                                                }
                                                            }
                                                        },
                                                        "_process_rank_one_or_two_observation": {
                                                            "total": 8.354100000040887e-05,
                                                            "count": 2,
                                                            "is_parallel": true,
                                                            "self": 8.354100000040887e-05
                                                        }
                                                    }
                                                },
                                                "UnityEnvironment.step": {
                                                    "total": 15.402966453999914,
                                                    "count": 420,
                                                    "is_parallel": true,
                                                    "self": 0.02200281299999496,
                                                    "children": {
                                                        "UnityEnvironment._generate_step_input": {
                                                            "total": 0.13478400399995127,
                                                            "count": 420,
                                                            "is_parallel": true,
                                                            "self": 0.13478400399995127
                                                        },
                                                        "communicator.exchange": {
                                                            "total": 14.265212464999987,
                                                            "count": 420,